{
    "rmse": 15.942660331726074,
    "mae": 12.361679077148438,
    "nasa_score": 136648.4375
}