{
    "rmse": 13.834600448608398,
    "mae": 9.252692222595215,
    "nasa_score": 35689.7734375
}