{
    "rmse": 14.702569007873535,
    "mae": 8.744421005249023,
    "nasa_score": 388871.875
}