{
    "rmse": 12.770296096801758,
    "mae": 8.83378791809082,
    "nasa_score": 49715.05078125
}