{
  "rmse": 5.803950102472641,
  "mae": 3.3021249771118164,
  "r2": 0.924648292939798,
  "nasa_score": 181.8841050942723,
  "rul_cap": 50
}